Changes made at Sat Aug  9 05:58:18 UTC 2025
Changes made at Thu Nov 20 14:24:19 UTC 2025
Changes made at Thu Nov 20 14:26:40 UTC 2025
Changes made at Thu Nov 20 16:34:00 UTC 2025
Changes made at Fri Nov 21 08:35:55 UTC 2025
Changes made at Fri Nov 21 10:27:39 UTC 2025
Changes made at Fri Nov 21 14:25:19 UTC 2025
Changes made at Fri Nov 21 16:31:30 UTC 2025
Changes made at Sat Nov 22 08:31:15 UTC 2025
Changes made at Sat Nov 22 10:24:55 UTC 2025
Changes made at Sat Nov 22 14:21:39 UTC 2025
Changes made at Sat Nov 22 16:29:35 UTC 2025
Changes made at Sun Nov 23 08:31:31 UTC 2025
Changes made at Sun Nov 23 10:25:11 UTC 2025
Changes made at Sun Nov 23 14:21:42 UTC 2025
Changes made at Sun Nov 23 16:29:33 UTC 2025
Changes made at Mon Nov 24 08:37:00 UTC 2025
Changes made at Mon Nov 24 10:30:25 UTC 2025
Changes made at Mon Nov 24 14:27:18 UTC 2025
Changes made at Mon Nov 24 16:30:15 UTC 2025
Changes made at Tue Nov 25 08:36:05 UTC 2025
